<?xml version="1.0" encoding="utf-8"?>
<rss version="2.0" xmlns:sparkle="http://www.andymatuschak.org/xml-namespaces/sparkle"  xmlns:dc="http://purl.org/dc/elements/1.1/">
  <channel>
    <title>Bootstrap Helpers</title>
    <link>http://sparkle-project.org/files/sparkletestcast.xml</link>
    <description>A plugin to help working with bootstrap grids in Sketch</description>
    <language>en</language>
    <item>
      <title>Version 0.1.1</title>
      <description>
        <![CDATA[
          <ul>
            <li>Now with support for Sketch Runner. ;)</li>
          </ul>
        ]]>
      </description>
      <pubDate>Tue, 10 Nov 2017 15:00:00 +0000</pubDate>
      <enclosure url="https://github.com/konki-vienna/sketch-bootstrap-helpers/raw/master/versions/BootstrapHelpers_v.0.1.1.zip" sparkle:version="0.1.1" />
    </item>
    <item>
      <title>Version 0.1.0</title>
      <description>
        <![CDATA[
          <ul>
            <li>Grid gets positioned according to selected object</li>
          </ul>
        ]]>
      </description>
      <pubDate>Tue, 10 Nov 2017 15:00:00 +0000</pubDate>
      <enclosure url="https://github.com/konki-vienna/sketch-bootstrap-helpers/raw/master/versions/BootstrapHelpers_v.0.1.0.zip" sparkle:version="0.1.0" />
    </item>
    <item>
      <title>Version 0.0.9</title>
      <description>
        <![CDATA[
          <ul>
            <li>You can move (left/right) and in-/decrease width of layer(s) version 0.0.9</li>
          </ul>
        ]]>
      </description>
      <pubDate>Tue, 29 Oct 2017 15:00:00 +0000</pubDate>
      <enclosure url="https://github.com/konki-vienna/sketch-bootstrap-helpers/raw/master/versions/BootstrapHelpers_v.0.0.9.zip" sparkle:version="0.0.9" />
    </item>
  </channel>
</rss>
